model	test	p_value	effect_size
xlnet	weat 6	0.74479	0.09411132123930804
xlnet	weat 7	0.38672	0.24644792036031377
xlnet	weat 8	0.07859	0.49336828970458313
