model	test	p_value	effect_size
xlnet-large	weat 6	0.05637	0.5482981175678231
xlnet-large	weat 7	0.16004	-0.3969418075241868
xlnet-large	weat 8	0.2824	-0.30556845234534624
